,Type of Answer
9505,0
8267,0
7742,1
7508,1
81,1
1323,0
6916,1
6383,1
4329,0
1614,0
3625,1
831,0
5246,0
8935,1
1501,0
7893,0
4062,0
4110,1
6515,0
6077,0
4668,0
132,0
4807,1
1649,1
7976,1
4656,0
5824,0
2233,1
8723,0
9477,1
9306,0
9044,0
7738,1
9121,1
3815,1
6227,1
2515,1
5009,1
7169,0
3593,1
7977,1
4759,0
3204,0
8498,0
4113,0
8100,1
4239,0
2473,1
4190,0
710,0
2012,0
3055,0
3016,0
4803,0
8959,1
7898,1
6716,1
3080,1
5712,0
8925,1
6133,0
3307,0
2358,1
6685,0
7736,1
3418,1
6435,0
5741,0
1139,0
1897,1
8637,0
4398,1
8411,0
6412,1
2441,0
5785,0
2588,1
5245,0
5092,1
7842,0
1570,0
172,0
6473,1
2605,0
4100,1
39,0
2152,1
7948,0
4121,1
7230,0
9110,0
9383,0
3111,0
9470,1
2221,0
1832,0
7533,0
8262,1
4039,1
8860,0
8710,0
7347,1
9066,1
8982,0
2239,1
4567,0
834,0
6779,1
6162,1
3091,0
533,0
473,1
9523,1
9417,1
5125,1
65,0
6205,0
7702,0
7468,1
3522,1
5523,1
3053,1
354,1
8359,0
3295,0
8539,1
3889,1
5684,1
8972,1
3399,0
9545,0
3379,0
8153,1
8758,1
6161,0
472,1
5028,0
2882,1
7726,1
5376,0
8036,1
6920,1
868,1
6586,1
3314,0
4660,1
2663,0
8303,0
8904,1
6372,1
7249,0
3098,1
1075,0
2168,1
7015,0
8508,0
5653,1
4295,0
7173,0
5336,1
7639,1
73,1
6428,0
6054,1
5501,0
7453,0
9104,0
6918,0
2760,0
3869,0
118,1
2022,1
9436,1
6878,1
2034,0
3872,1
8264,0
1219,0
5706,1
3251,0
2903,1
4819,0
6156,1
8068,1
177,0
1643,1
1374,0
1720,1
4689,0
3018,0
87,1
2348,1
8286,1
7938,0
3941,0
6009,0
4475,0
1027,0
1421,1
3578,1
8668,0
1278,0
4429,0
1978,1
1061,0
4779,0
6252,1
6321,1
4619,0
1502,0
8147,0
9147,1
7441,1
4439,1
678,0
3885,1
5318,0
6838,1
102,1
957,0
9508,1
3095,0
6483,1
4041,0
8388,0
7969,0
3202,0
9388,1
6556,1
7926,0
8316,0
7635,0
7017,1
8762,0
7796,0
5545,0
2682,1
3660,0
528,1
1233,0
6718,0
4771,1
5649,0
2818,0
1860,1
7876,1
6687,1
7319,0
1992,1
5990,0
6155,1
2303,1
3739,0
9502,0
4367,1
1396,1
5369,0
4224,0
3543,0
1042,1
5152,0
6561,1
257,1
9384,0
8215,1
4694,1
2089,0
8403,0
503,1
1345,0
7593,1
8365,1
7589,1
7910,1
4477,0
2006,0
2991,1
8568,0
8858,1
7530,0
9057,0
7398,0
997,1
7633,1
9356,1
1176,0
551,0
744,0
5033,0
2543,0
5412,1
2835,1
2413,1
7105,0
6884,1
6817,1
7197,0
6545,0
5882,1
9288,0
2447,1
693,1
4078,1
982,0
6580,1
79,0
3315,1
4067,0
5856,0
7163,1
7144,0
4474,1
7341,0
2142,1
7278,0
445,0
3971,0
2847,0
5996,0
6912,1
1701,0
68,0
1168,1
48,0
1053,0
4610,0
4738,0
4191,0
8055,0
1467,0
5898,0
4193,0
5940,0
230,0
1320,0
41,0
5680,1
8537,0
1729,0
8622,1
3794,0
8141,0
5968,1
2513,1
1491,0
6847,1
61,1
4323,0
6194,1
5900,1
402,1
332,0
2084,1
6174,0
164,1
8510,0
6659,0
4929,0
8974,1
1334,0
7422,1
1659,1
753,1
3353,1
706,0
5935,1
8131,1
9426,1
8569,1
7282,0
8714,0
6708,0
4032,1
4588,0
7373,1
2534,1
7647,0
6179,0
2246,0
835,1
7487,0
3894,1
7762,1
2766,1
2868,1
5272,1
8951,1
1193,1
7020,1
5151,1
6449,1
9346,0
433,1
2683,0
6329,0
8674,0
104,0
2718,0
1656,1
1533,0
4226,1
4763,1
4723,1
4947,1
3898,0
214,0
7156,1
2742,1
6742,0
4471,0
3457,1
7968,1
181,0
3206,1
8299,1
2373,1
4233,0
7210,0
3027,0
70,0
544,1
4012,1
8916,0
6008,1
9241,0
7677,0
7558,0
877,0
196,0
9303,0
6210,0
7681,0
8227,0
8941,0
5564,1
4438,0
7349,0
3021,1
7428,0
8450,0
7346,1
6066,1
3290,1
4800,1
4081,0
218,0
4339,1
3459,0
8163,1
8705,0
1244,1
9036,0
8633,1
2058,1
9117,1
4053,0
1166,1
7747,0
415,1
8751,1
4880,1
759,0
1385,1
654,0
1201,0
7618,0
8986,1
7042,1
2519,1
328,0
5537,0
6603,1
6475,1
2063,1
5937,0
7799,1
7665,1
9211,1
1281,0
5815,0
7759,0
4393,1
7571,0
1282,1
5192,1
3463,1
1437,0
9190,0
3149,0
56,1
3401,1
7974,0
5459,1
1844,0
5950,0
9442,0
5118,0
1743,1
7808,1
9338,0
4755,1
4359,1
740,0
9335,1
7671,0
524,1
5955,1
3527,1
4905,1
6045,1
2627,0
435,1
4575,0
308,0
3541,1
9441,1
401,0
3127,1
881,1
3269,0
6432,0
2678,1
4347,0
5181,1
5019,1
288,0
3717,0
7672,0
7779,0
476,1
6349,1
8730,1
3071,1
4816,1
2465,0
737,1
3434,1
9205,0
4886,1
5267,0
3433,0
4625,0
4169,0
3019,0
3011,0
1839,1
1995,1
2399,1
3592,1
5012,1
2910,1
800,0
2840,1
6350,1
1405,1
8983,0
69,0
5171,0
3422,1
1586,1
7985,1
5044,0
1074,1
7089,1
3653,1
7628,0
8651,0
9327,0
3857,0
6476,1
3142,0
2906,1
8108,0
2615,1
5060,1
7100,0
477,0
1329,0
3538,1
9204,0
1777,0
3680,0
751,1
5228,0
3469,0
6458,1
7676,1
3145,0
3785,0
8955,1
468,1
1545,1
5700,1
6496,1
1025,1
2354,1
4617,1
5035,1
773,0
8379,1
8273,1
2770,0
641,1
7699,0
3118,1
8076,0
1108,1
4834,0
2864,1
1420,0
3166,1
5436,1
5641,1
7060,1
1680,1
6071,0
633,0
7822,0
2166,1
7379,1
6112,0
8117,0
5639,0
6790,0
2883,1
2858,1
9034,0
5447,1
1172,1
8624,0
2638,1
7966,1
6864,0
2762,0
4084,0
5206,1
4469,0
7563,1
3464,0
4343,0
5834,1
6726,0
815,0
2404,0
2131,1
7914,0
4812,1
6820,0
4541,1
3532,0
3881,1
179,1
8825,0
5426,0
9450,1
8583,0
1157,0
7293,1
1532,1
9018,1
1535,1
6840,0
6391,0
7652,0
6363,0
2177,0
7220,0
2351,0
2870,1
7986,1
1480,1
8446,0
9336,0
9483,0
5461,1
4002,0
1952,0
3852,0
4202,1
1163,1
7502,1
5558,1
8886,0
5270,0
4750,0
4985,1
7153,0
1598,0
6492,1
300,1
3980,0
3128,1
8681,0
4127,0
8766,1
1359,1
6214,0
3208,1
8401,1
486,0
7692,1
3090,1
4382,0
3455,0
6650,1
1152,0
4863,1
3045,1
9166,1
5837,0
9262,1
7550,0
5324,0
665,1
2748,0
6583,1
642,1
176,1
9459,1
2816,0
786,0
5747,0
6202,0
4333,1
5290,1
7276,0
91,1
5204,1
9172,0
8083,0
7180,0
1971,0
530,0
6581,0
996,1
3535,0
2312,1
2154,0
4336,1
1427,1
5452,1
8069,1
2907,1
6595,0
4960,1
2954,1
3441,1
5257,0
495,0
4983,0
2321,0
3609,0
4671,0
151,1
3467,0
694,0
5144,1
1738,0
167,0
4483,1
9063,1
8104,0
4151,0
5217,0
8081,1
2955,1
7306,1
6657,1
2276,1
8211,1
9503,0
3684,1
6658,1
4518,0
6388,0
5428,1
2223,1
100,1
4730,0
3733,0
5289,0
8442,1
4404,0
9194,0
2880,1
7544,0
8810,0
2929,0
1465,0
6306,1
2234,1
1744,0
5165,1
5507,0
7623,0
9443,1
5199,0
3656,0
8809,0
8121,0
6201,1
4833,0
8994,1
2121,0
2826,0
7663,0
8113,0
6557,0
3428,1
7384,1
4901,0
6990,1
1203,1
4387,1
3146,1
1926,0
2641,1
5446,1
6648,0
9135,0
6880,1
2728,0
7054,1
4700,1
2960,1
6956,1
3281,1
2626,0
3153,1
4162,0
805,1
8927,1
2932,0
5030,0
5146,0
8776,0
1242,1
7836,0
5027,1
3392,0
547,0
26,0
7754,1
4341,1
2508,1
7855,0
2582,1
1302,0
5888,1
6065,0
3753,1
1221,0
2548,0
750,0
437,0
8672,1
3903,0
6771,1
3703,1
5384,1
8981,0
8896,1
2481,0
4031,0
7888,1
2706,0
6213,1
326,1
1039,1
8314,1
4533,0
2499,1
7614,0
1870,0
8089,1
7782,1
534,1
5284,0
6653,1
585,0
9463,0
6720,1
1703,0
3668,0
5032,1
491,1
3184,1
6886,1
2266,0
8256,0
8744,0
7454,0
4250,0
6796,1
3617,0
1916,0
2926,1
5244,0
6560,0
5688,0
3833,0
9025,0
8144,0
2518,1
397,0
1317,0
9390,0
121,1
2449,0
3254,1
1566,0
1984,0
3728,0
7150,0
4925,0
7297,1
2173,1
8005,0
8178,1
2333,0
573,0
3043,0
8657,0
981,0
3834,0
1407,0
535,0
4149,0
9478,1
1434,1
3501,0
2579,0
9120,1
1867,1
1454,0
5333,1
9461,1
4024,0
2521,1
1820,0
7924,1
51,0
4217,0
5162,1
7021,1
469,1
8404,0
4682,0
9410,1
7521,0
6940,1
7465,0
1858,0
9099,0
865,1
4521,0
6637,1
4441,0
5263,1
3396,0
8977,0
5365,0
425,0
188,0
8221,0
5231,0
228,0
9382,0
3985,1
1041,0
8720,0
8543,0
8599,1
471,0
1905,1
8465,0
801,0
1487,1
7881,0
227,1
1128,0
4580,0
6418,1
2208,0
6517,0
8489,1
6504,1
3916,1
5612,1
9162,1
2144,1
9334,1
7838,0
2577,0
1632,1
7188,1
9397,1
156,0
6118,0
6062,1
2879,0
7556,0
8774,0
4046,0
3495,0
6594,1
5703,1
5768,1
7055,1
7498,0
6559,1
2495,1
2372,0
6516,1
4818,0
8864,0
4870,1
4315,1
3443,1
4042,0
7590,1
5830,0
847,0
938,0
4352,0
8454,1
8210,1
3827,0
9282,1
756,0
2644,0
6798,0
5869,1
3542,1
4825,0
4808,0
9454,1
2061,1
549,0
6681,0
2812,0
8371,1
8581,0
2549,0
9371,0
4355,0
3777,1
1259,1
7372,1
2995,0
7161,0
1024,1
7195,0
752,1
5271,1
4872,0
1951,1
9209,0
351,0
1511,1
9045,0
4368,1
3064,1
5234,1
701,1
3023,1
4633,0
4604,0
561,1
2318,0
5885,0
5065,1
7710,0
3437,1
3333,0
4222,0
1047,0
2939,1
1808,0
414,0
1340,1
7582,1
6520,0
5313,0
7802,0
1469,0
1710,0
8455,0
8329,0
2271,1
1583,1
1412,0
6915,0
3497,0
1722,1
8305,0
7819,0
1507,1
2622,0
8830,1
8708,1
1321,0
842,1
1146,0
3519,0
8572,0
463,0
1754,1
7172,1
4139,1
9028,0
3846,0
4245,0
5709,1
378,1
7444,0
1335,0
1223,0
3143,1
2716,1
3774,1
2952,1
1350,0
7958,0
1811,1
7588,0
1351,0
4527,0
1894,1
6003,0
9198,0
3524,1
7023,1
3784,0
6815,1
4052,1
1189,1
5931,1
898,0
4246,0
7426,0
4767,1
9238,0
8095,1
7825,0
5467,0
2332,0
6419,1
2262,1
8426,1
7237,1
2595,0
6507,1
1030,0
9006,0
6497,0
6647,0
3473,0
8099,0
1755,1
9261,0
231,0
6896,1
6792,1
9479,1
3686,0
2514,1
4262,0
2917,1
7095,1
2992,1
2317,0
4373,1
6319,1
1515,0
216,1
8788,0
8643,0
2263,0
4056,0
5987,0
6713,1
893,1
3666,0
3003,1
1850,1
4693,0
4196,1
324,1
1215,0
2899,1
2933,0
8862,0
5687,0
5573,0
1129,0
4319,0
2918,1
7666,0
8468,1
8678,0
7387,0
208,0
2795,1
3154,1
798,0
8686,1
734,0
5227,1
3482,1
1174,0
3520,1
8478,0
1831,1
7225,1
5140,0
8358,0
6569,1
198,0
7167,0
5138,1
1097,1
548,1
6307,0
7675,0
4111,0
7793,1
3639,0
2314,1
8544,0
6223,1
8280,1
8300,1
3165,0
7429,0
7110,1
616,0
1118,0
937,0
5970,0
2572,1
622,1
8992,1
6096,0
6455,1
7037,0
1092,1
8692,0
4519,1
6623,0
6680,0
2201,1
1160,1
7317,0
8464,0
9252,1
5642,0
5620,0
478,0
1352,0
3621,0
5145,1
2647,0
7931,1
3518,1
6056,0
4631,0
3570,1
1033,1
9468,1
4522,1
2598,0
6182,0
4159,0
7959,0
3942,0
6728,1
7514,0
5198,0
5362,0
3209,1
1425,1
3299,0
2919,0
1871,1
5417,0
480,0
6696,1
9164,1
2888,1
8954,1
527,1
3999,1
722,0
4680,1
4092,1
220,0
8764,0
1935,0
344,1
3282,1
6237,1
3799,0
8613,0
5356,1
9020,1
7187,1
5388,1
8807,1
5470,0
2391,1
6491,0
4379,1
7950,0
1983,1
9197,0
1554,1
8676,0
3837,1
6487,0
6192,1
5606,1
2881,0
1677,1
3688,1
3819,0
901,0
6443,0
3068,1
2296,1
8079,1
296,0
8372,0
57,1
6547,1
3820,0
3410,1
7864,0
8737,1
2676,0
4614,0
6058,1
3248,0
3283,1
6926,0
295,0
8124,1
2580,0
6906,0
4423,0
648,1
1370,1
9407,0
8588,0
9189,0
7524,0
6826,0
4288,1
681,0
434,0
6802,1
8828,0
4030,0
1489,1
8342,0
812,0
1882,1
5090,1
4454,0
7071,0
1940,0
4791,0
5615,1
1612,1
1181,1
1375,0
7766,0
5903,1
63,0
626,0
7412,0
1669,1
2112,0
3706,0
3297,0
5914,0
5605,1
84,0
6314,0
7506,1
2283,0
2887,1
3651,0
5740,1
418,1
7159,1
3582,1
2709,1
2357,1
6829,0
1366,1
293,1
7844,0
9026,0
1506,0
8619,0
6678,1
1634,0
4003,0
9318,1
5023,1
9482,1
6535,1
4098,1
7542,1
1563,0
5137,0
8257,1
4528,0
1979,0
1883,1
438,0
4184,0
4080,1
4345,1
4269,0
2986,1
7085,1
704,0
2280,0
4525,1
3424,0
4891,0
373,1
4712,0
8798,0
2585,0
1332,0
6564,1
3458,1
4060,0
1784,0
6312,1
8699,0
7434,0
494,0
3946,0
6651,1
9283,1
2860,1
5456,1
3567,1
2897,1
366,0
849,0
4681,0
3887,0
8486,0
3677,1
2653,0
5714,1
5938,1
1541,0
8016,0
8457,1
322,1
2031,1
993,0
1272,1
813,1
3139,1
6839,1
7935,0
3960,1
5487,0
7131,1
2184,1
110,1
8532,0
6094,1
1079,1
2226,1
4852,1
3624,1
9218,0
9027,1
2705,0
6669,1
7936,0
1164,0
3261,1
7604,0
3534,1
1450,1
3012,1
2030,0
7321,0
6328,0
5516,0
6220,1
2984,1
6224,1
7745,0
7344,0
6324,0
3949,1
8602,1
2999,0
6538,1
8607,0
1231,0
1514,0
2313,0
8733,1
1451,0
2020,1
7649,0
5170,1
4586,0
5050,0
838,1
9464,1
2374,1
9043,1
3404,0
3662,0
8025,1
3997,0
4140,1
3087,1
6714,0
8242,1
450,1
4996,0
1714,0
1923,1
5317,0
339,0
7719,0
5584,1
4623,0
7320,0
8106,0
6403,0
588,0
3365,1
2670,0
1419,0
34,0
7626,1
28,1
6330,0
3977,1
4050,0
1410,0
9430,1
2170,0
7611,0
889,1
3322,1
8968,1
4667,1
7712,1
8999,0
2244,0
4843,1
5731,0
428,1
9031,0
6399,0
432,1
1654,0
178,0
8269,0
223,0
8224,1
3771,0
1886,1
4253,0
1786,0
1590,0
8430,0
3256,1
2550,0
4170,0
4304,1
2181,1
6489,1
6145,1
4731,0
2069,1
6322,0
5503,1
1121,1
880,1
6130,1
8694,0
6436,1
5235,0
7529,0
4639,1
1209,0
5265,0
8912,0
3614,1
1706,0
1158,1
2306,0
8094,1
171,0
6006,0
6508,1
8721,1
4381,0
7607,0
7345,0
7708,1
6578,0
1564,0
1782,1
843,0
8919,0
5993,1
904,0
8179,1
9231,0
4622,0
1547,1
6951,0
5095,1
2080,0
1565,0
6296,1
8965,1
5775,1
4726,0
6723,1
7431,1
5533,0
6743,0
5818,0
1113,1
2646,0
3945,0
6692,0
4608,1
5909,0
2300,0
9469,1
254,0
5485,0
3161,0
4148,1
7953,0
6389,0
6373,1
2155,0
7250,0
3274,0
6068,0
2589,1
5239,1
3937,0
3723,0
303,1
5629,0
4606,1
5839,0
3102,0
5261,0
4115,0
4161,0
4817,0
1436,0
3817,1
7234,1
376,1
1869,0
4532,0
7551,1
1834,0
1658,0
755,1
7757,0
4898,0
4740,1
4828,1
290,1
2236,0
9032,0
7523,0
4058,0
2118,1
8975,1
5559,0
6308,0
501,0
6947,1
5654,1
4489,1
1539,0
5549,1
1211,1
2996,0
8337,0
8921,0
672,0
7217,0
5795,1
3721,0
3377,0
3693,1
7581,1
8377,0
1464,0
5281,0
8400,1
1192,1
8156,0
3964,1
3349,1
3590,1
9228,0
2264,1
6079,1
8700,0
421,0
505,0
7472,1
3317,1
2623,0
5421,0
1582,0
506,0
4011,1
2405,1
6057,0
3288,1
3902,1
621,1
2126,1
684,1
4215,0
4514,0
7733,1
1773,1
7503,1
6664,1
4428,1
347,0
797,0
6438,0
6390,1
2829,0
3235,1
5081,1
1490,1
5225,1
8893,1
8334,0
9221,1
312,0
5193,1
746,0
4618,1
3569,0
790,1
2476,0
3286,0
2024,0
5829,0
8899,1
2570,1
9362,0
4773,1
9462,0
6064,1
4861,1
4707,0
259,0
2163,1
5944,0
8743,1
380,1
5504,0
1292,1
1912,0
5368,1
599,1
45,1
1444,1
1652,0
4716,0
2699,0
1901,0
1893,0
1944,0
3395,0
4950,0
2406,0
6014,0
9325,1
375,1
1966,1
8057,1
8176,0
4503,0
7720,0
1600,1
6756,0
1392,0
5070,1
9453,0
5076,1
4775,0
1471,0
3346,1
426,1
5648,0
2853,1
8502,0
410,0
8687,0
8574,0
9331,0
2486,0
4649,1
779,0
4908,1
4549,0
7096,1
210,1
2487,0
6899,1
8821,0
6554,1
3148,0
6945,1
1049,0
8638,1
4813,0
7108,1
2035,0
4722,1
9114,1
6977,0
1972,1
5377,0
2099,0
1499,0
1109,0
9216,0
3781,0
5255,0
652,1
170,1
2732,1
3034,0
5613,1
242,1
1795,0
1702,0
6531,1
5396,1
6301,0
6599,1
5211,1
9174,0
1498,1
2756,0
4609,1
5912,1
2178,0
6634,0
4922,0
4686,1
2076,1
5544,0
3397,0
9126,1
705,0
1872,1
4372,1
3182,1
3508,0
4416,1
5286,1
4342,0
8946,1
4275,1
8853,0
4829,0
6706,0
5148,1
8892,0
565,0
6482,1
4075,0
5927,0
4077,1
2987,1
9449,1
640,0
1270,1
2119,1
8819,1
2778,0
507,1
8473,1
1964,0
7305,0
6974,0
3480,0
1534,0
325,0
3272,0
7120,1
2338,0
3795,0
2298,1
6216,0
799,1
2237,1
7296,1
5159,0
6005,0
9229,1
5022,1
4397,0
8436,0
864,1
5304,1
8739,1
5873,0
7944,0
2815,0
4695,0
4721,1
371,1
7065,0
3844,0
5168,1
555,1
2542,0
8438,1
5331,1
8861,0
7815,0
8161,1
6149,0
9004,0
9340,0
2364,1
3213,0
5003,0
6231,0
1360,1
911,1
8629,1
5186,0
8586,1
5899,0
4094,1
4271,1
6908,0
5905,1
5375,0
7024,1
964,0
5196,1
1423,0
122,1
479,1
662,0
3995,0
4362,0
3601,0
4085,1
7753,0
2988,1
3979,0
2776,1
439,0
1379,0
5020,1
8297,1
4977,1
5269,0
1443,1
7592,1
9381,0
1477,1
2039,0
1173,1
9504,1
6711,0
4252,0
673,0
5739,0
7476,1
8626,1
2893,1
2669,0
9002,1
279,0
8376,0
8028,1
3411,1
7194,1
5517,1
2571,1
6480,1
8200,1
3265,1
1101,0
568,1
1694,0
5527,0
4401,1
9484,0
3479,0
4417,0
3707,0
1458,1
9235,1
577,1
59,0
3110,1
787,0
4374,0
5597,1
8911,0
4038,0
7540,1
5911,0
4635,0
6521,1
5156,1
4209,0
8237,1
3393,0
6240,0
9531,1
3231,0
2209,1
335,0
8214,1
5190,1
5058,1
8323,0
467,0
184,0
3605,0
4629,1
8963,0
4371,0
420,0
2350,0
553,0
1397,1
1384,0
5538,0
4572,0
1760,0
4248,1
297,0
443,1
777,1
8507,0
1119,0
6543,0
6628,0
3749,1
6765,1
2077,0
2741,0
3387,0
1921,1
655,1
6860,1
7063,0
2229,1
5164,0
2842,0
2537,0
5652,0
8067,0
8839,1
2540,1
5633,1
1194,0
5819,1
3367,1
2457,1
2578,0
1131,0
9489,0
9237,0
6745,1
8500,1
2758,0
7402,0
4048,1
558,0
320,1
3039,0
1371,0
3296,0
6073,0
6268,0
907,0
8151,1
3950,1
1433,1
6624,1
8474,0
6051,0
5711,1
906,1
8167,0
3159,0
7824,0
926,1
5551,1
2470,0
4601,0
15,0
143,0
8218,0
4645,0
2363,0
6797,1
7871,0
1161,0
5303,1
7601,1
7478,0
8593,1
1204,1
5679,0
1362,1
4284,1
1212,0
1876,0
5371,1
6754,1
8206,1
1182,1
7772,0
4838,0
1170,0
579,0
2182,1
5664,1
617,1
8126,1
1833,0
7573,0
1825,0
7625,0
7267,1
1859,1
4989,1
5229,1
4786,0
3658,1
2685,0
9249,1
4420,0
6671,1
6523,1
3121,1
387,1
7034,0
1032,1
9345,0
2488,0
5117,0
2286,0
3187,0
2629,1
5502,1
4264,0
3058,0
7870,0
4180,0
931,1
4019,0
691,0
5737,0
6020,1
829,1
3498,0
2081,0
9010,0
44,0
3939,0
5466,0
8437,0
2965,0
3969,0
1187,1
284,0
8462,1
3092,0
7862,0
9300,0
7627,0
6901,1
3195,0
4640,1
969,1
3734,0
925,1
5826,0
5082,1
2851,1
5327,0
5547,1
8456,1
7058,1
4651,1
7143,0
3626,0
1789,1
7597,1
2059,0
4013,1
1902,0
7298,0
6874,1
75,1
2345,0
4955,0
430,0
4554,0
4386,1
7367,0
1553,1
240,1
783,0
3066,1
977,1
2941,0
5332,1
4270,0
1620,0
2146,1
1801,0
2095,0
5488,0
4734,0
1357,0
8287,0
6843,0
5438,0
7405,0
8410,1
4920,0
1609,1
3096,1
2415,1
2017,1
7076,0
4125,0
9357,0
3246,1
124,0
8137,1
4794,0
7251,0
8736,1
3341,0
598,0
2123,1
6414,1
5667,0
8648,0
9222,0
2197,1
4051,0
8930,1
3362,1
8820,1
725,0
9139,1
978,0
808,1
6532,1
7552,0
5364,0
8618,0
3962,1
8046,1
4427,1
1235,1
1225,1
7201,1
4782,1
6440,0
8509,0
3217,1
287,0
4534,1
2966,0
3164,1
5425,0
9094,0
1657,0
1975,1
2397,0
452,0
7257,1
7690,0
422,1
7572,1
657,1
3301,0
6146,0
2845,1
5434,0
6773,1
1001,0
4198,0
2418,0
6760,0
4772,1
3847,1
7645,0
1580,1
5213,0
2206,0
8225,1
4231,1
757,1
2284,0
6358,0
4562,1
807,1
5358,1
1956,1
2445,1
5307,1
7374,0
6119,0
2402,0
1073,1
8326,1
4240,1
8031,1
2091,0
7615,1
6138,0
7605,1
7442,1
5998,0
6177,1
1003,1
5930,1
4793,0
5981,0
1485,1
1411,1
5294,1
709,0
7269,0
6518,0
3076,1
5338,0
4101,1
8970,1
2722,0
8933,0
1268,0
2462,1
6453,0
268,0
3580,1
4832,0
4461,1
4659,1
5967,1
2821,1
589,0
8380,0
8883,1
6919,1
9181,1
9192,0
2028,0
6160,0
677,1
8064,1
9012,0
7097,1
4995,1
7873,1
2432,0
5708,1
5529,1
7920,0
896,0
1611,0
5847,1
8768,0
3806,1
5440,0
5006,0
3961,1
4896,1
890,0
4513,0
7775,0
7185,0
4602,1
7007,0
6141,1
2799,0
584,0
3268,0
3932,1
1260,0
310,0
7038,1
4463,0
5603,0
5314,0
4298,1
3783,1
7788,0
2185,0
7902,1
6361,1
4442,0
9234,1
5007,1
5400,1
4582,0
90,1
8765,0
5799,1
6831,1
7146,1
2117,1
2937,1
5817,1
983,0
8778,0
4797,0
2925,0
4866,1
3214,0
5822,1
6890,1
6360,1
7599,0
627,1
7236,0
8779,0
7356,1
9158,0
7908,1
7750,0
9188,0
1711,0
7106,1
4235,0
2398,1
4913,1
5474,1
1186,1
7336,0
9348,0
5431,0
8171,1
9438,0
4247,1
6934,0
915,1
1305,1
6043,0
3049,1
9088,0
7923,1
9380,0
2796,0
1398,1
3358,1
183,1
7596,0
5532,0
4801,1
5762,0
6315,1
7265,1
2656,0
7638,0
6196,0
1961,0
5769,1
6258,1
9519,0
1251,0
3176,0
7012,0
6340,0
6629,0
5908,0
3289,0
8047,0
8324,0
8277,0
7457,0
6225,1
1051,1
4069,0
5958,0
6789,1
272,0
2042,0
8447,0
7075,0
4770,1
1086,0
6849,1
5735,0
6589,0
7797,0
4322,1
6277,0
7001,1
5816,0
4938,1
7242,0
7337,0
6129,0
3478,0
6429,0
3924,0
1748,1
732,0
2553,1
4934,1
4464,1
2662,0
4914,0
5268,1
3113,1
3303,1
1344,0
1690,1
4535,0
6821,1
3308,0
1504,1
1806,1
5632,0
4851,1
3791,0
9128,0
6620,0
5340,0
6763,0
6682,1
1848,1
2431,0
6151,1
5046,0
142,1
8354,0
4999,1
7395,1
3409,1
1117,0
1756,0
497,0
6788,1
870,1
3357,1
912,1
721,1
2805,0
9491,1
8034,1
9156,0
8566,0
9141,1
1520,1
2746,1
5123,1
5214,0
314,0
7748,0
327,0
5097,1
4204,0
3129,0
6199,0
6087,0
3968,1
4981,0
1973,0
336,1
2764,1
6923,0
8628,0
2985,1
5100,0
3477,1
5868,0
3558,1
2809,0
5953,0
8834,0
307,0
3908,0
348,0
826,1
9068,0
4482,1
9199,0
3682,0
5308,1
7786,0
2053,1
71,0
5961,0
7695,1
5669,1
7363,1
1666,1
5587,0
5842,0
9001,0
1445,1
4718,0
6417,1
1695,1
2892,1
1574,1
3203,1
4405,0
1630,0
6751,0
1881,0
7861,0
5749,0
848,1
5419,0
5589,0
6769,1
2877,0
186,1
3779,0
1830,1
7432,1
8816,0
5766,1
1234,1
5398,0
3915,0
446,0
844,0
5212,0
4881,0
2440,1
3103,1
8183,0
9082,1
1294,0
4587,0
3442,0
7903,0
6575,1
5518,1
776,1
9275,1
2153,1
4842,1
9059,0
6755,0
6351,0
7868,0
3183,1
6135,0
3199,0
6348,0
1289,0
4581,0
5593,0
8522,0
6460,0
6121,0
4106,0
4126,1
7440,1
3966,1
1879,1
8373,1
8873,1
7541,1
3587,1
6660,1
7640,0
7111,1
7456,1
1036,0
636,1
4978,0
4134,0
4822,0
1083,0
861,0
903,1
191,0
109,1
4455,0
1942,0
6134,0
4331,0
8101,0
7865,1
6622,1
6191,1
2775,1
7517,1
2323,0
762,0
2617,0
8423,0
1094,1
5576,0
6464,1
5049,1
3135,0
5135,1
3805,1
884,0
2654,1
8270,0
9281,1
7318,1
6092,1
7584,1
5129,0
6334,0
9247,0
2202,1
7394,0
1262,1
4826,0
975,1
5264,1
941,1
2387,0
4391,1
3221,1
3882,0
9008,0
9090,1
5349,1
2789,1
944,1
8496,0
1857,0
8268,1
4108,0
8040,0
3255,1
2690,1
8966,1
9245,0
1319,1
9431,1
5262,1
8458,0
5386,1
5634,1
3475,0
3505,1
2477,1
7839,0
8013,0
6693,0
6856,0
4827,0
9414,0
1874,1
8045,0
6992,0
2904,1
570,0
1448,1
8361,0
5638,0
5736,1
6710,1
7047,1
3226,1
9301,0
3978,1
4383,0
6913,0
3539,0
5253,1
2827,0
6091,1
1338,0
3262,0
7286,1
650,1
2902,1
2258,0
6686,0
3521,1
2730,0
4965,0
4478,0
1596,1
6386,1
2584,0
4918,1
3196,0
8685,0
6786,1
1258,1
4765,0
991,1
3504,0
113,1
919,1
2509,1
8976,0
8087,1
4751,0
4603,0
949,1
4594,0
9373,0
3770,0
2506,0
2850,1
5857,0
4844,1
8528,1
4446,1
4460,0
6148,0
2505,1
1114,0
7807,1
298,1
1675,1
3347,0
2735,0
7067,0
8582,0
6900,1
4325,1
6074,1
5344,1
4550,0
9328,0
7093,0
2103,1
5247,0
6108,0
8071,1
1837,0
7142,1
7661,0
7383,1
607,0
5454,0
1093,0
4902,0
5716,1
8551,1
4487,0
160,0
203,0
6448,1
5325,1
2934,1
6615,1
2435,1
1230,0
8274,0
7445,0
9215,1
5169,0
7223,1
5790,0
4251,0
3293,1
4034,1
7329,0
4290,1
4334,0
5360,1
3877,0
4907,0
4753,0
857,1
6703,0
7767,1
2561,0
3801,1
2640,1
6649,1
4490,1
2347,1
7488,1
2781,0
5106,1
8103,0
8276,0
615,0
7897,0
2575,0
53,0
3340,1
8998,1
1705,0
7840,1
5399,1
1493,0
9509,1
7072,0
803,0
6266,1
6421,0
990,0
7423,0
7660,0
7086,0
3513,1
4949,1
7957,0
219,0
9138,1
1288,0
3163,1
4678,1
2618,1
3612,1
43,0
5896,1
3792,0
3571,0
8000,1
1503,0
5021,0
9385,0
3439,1
1892,1
8897,0
1955,0
4814,1
6193,1
1505,1
670,1
8495,0
8826,1
897,0
5581,0
2666,0
3193,1
2890,0
5378,1
2621,1
5430,1
5478,1
2,1
2370,0
7254,0
1769,1
8027,1
7619,0
531,1
7917,0
8248,1
8578,1
5489,1
3120,0
8605,1
731,0
3406,1
2339,0
5395,1
5278,0
2565,0
6983,0
7068,1
6069,0
6323,0
4953,0
5403,1
8561,1
1255,1
2104,1
6085,0
6050,0
7769,1
8729,0
8556,1
6180,1
5279,1
4434,1
3484,1
9060,0
3816,0
9487,0
7934,0
7087,1
5013,1
1621,1
8995,1
5696,0
5637,0
8490,0
1096,0
8786,0
9048,1
2463,1
6462,1
1788,1
8008,1
6897,0
7659,1
8391,0
192,1
820,0
7889,0
8293,0
6365,1
4166,0
2687,1
7913,0
5292,0
5405,1
4927,0
6086,1
2607,0
6744,0
238,1
4015,1
8837,0
2977,1
7578,1
9408,1
945,0
5798,1
6942,0
6147,0
7737,1
3552,0
9515,1
3360,0
5018,1
2410,1
4507,1
7933,0
3982,1
146,1
6576,1
2294,1
8119,0
3611,1
1736,1
5296,0
6922,1
114,1
8451,1
5103,1
9041,0
498,0
6778,1
720,0
7080,0
8753,0
7243,1
3089,0
6533,1
6601,0
9129,0
596,0
8673,0
5508,0
1647,0
5681,1
8849,0
2700,1
6707,1
1700,1
8530,0
6872,0
5361,0
2942,0
8310,1
86,0
2308,0
2677,1
8441,0
8756,0
2594,0
5316,1
1029,1
136,0
7136,1
5550,0
2854,1
4409,1
1200,0
4717,1
9084,0
5960,1
566,0
6567,0
3927,1
5473,1
6859,1
8871,1
5939,0
5904,1
8501,0
7559,0
2330,1
3515,1
2187,1
195,1
5120,1
802,0
6584,0
7134,0
2068,1
5224,1
8444,0
644,0
8947,1
7685,1
120,1
2981,1
3074,1
8514,0
3278,0
2135,0
5733,1
4970,1
5595,0
134,1
8728,0
9202,0
2559,0
62,1
1358,1
5328,0
2467,0
679,1
7200,1
741,1
6914,0
3641,0
7557,1
7353,0
3258,0
4663,0
1873,0
5754,0
2596,1
1717,1
2912,1
2843,1
4027,1
8233,0
7264,0
7362,1
489,0
493,0
690,0
3821,1
602,1
1911,0
7610,1
5563,0
7854,1
5628,0
3757,0
2366,0
4370,0
6221,1
6338,1
1361,1
7301,0
1526,1
7711,0
5496,0
6503,1
1551,1
5662,1
9248,1
1337,1
3901,0
3010,0
5041,1
8416,0
2250,0
7532,1
5039,1
2346,1
8856,1
2784,0
5119,0
6037,0
150,1
2804,0
5306,0
2086,0
3751,0
2259,0
4017,0
7716,1
8470,1
2424,0
7261,1
3856,0
859,1
6861,0
7316,0
9206,0
8142,1
4739,0
8196,0
4462,1
7751,0
1779,0
8614,0
4785,1
5723,1
1818,0
7048,1
4937,1
2704,0
175,0
6759,1
2093,0
8023,0
3491,1
1920,0
82,0
816,0
8313,1
6642,1
7853,1
6113,0
283,0
4120,1
6758,0
609,0
2915,0
1813,1
1271,1
8669,0
9159,1
2994,1
6425,1
6060,0
8105,0
2642,1
7594,1
4508,1
2305,0
5874,0
8128,1
4195,0
4840,1
4655,0
7739,1
4168,0
3849,0
9401,1
7811,1
7127,1
2414,1
3554,1
4691,0
4498,1
2195,1
5045,1
2600,0
7743,1
4764,1
4314,1
3366,0
6318,1
9169,0
2633,0
7403,1
8382,0
2434,0
8239,1
9050,0
9095,1
4520,0
3545,1
9506,1
5414,0
8396,0
517,0
5522,1
6203,0
1415,0
4664,0
4456,0
2761,0
4855,0
127,1
3474,0
7203,0
4310,1
2438,1
3765,1
6215,0
5273,1
5609,1
9326,0
1473,0
4821,1
6249,1
3560,1
3951,0
49,0
9447,0
887,0
2616,0
516,0
3168,0
2949,1
1424,0
139,1
1924,0
2378,1
3197,0
5131,0
112,0
4559,0
4595,0
3250,1
4690,0
6690,1
7019,0
4546,0
6158,0
3277,1
5674,1
8620,1
4068,1
4408,0
6163,0
8187,1
6670,0
3222,1
8209,1
451,0
3731,0
8540,0
7616,0
3663,1
2763,1
658,0
8926,1
4620,0
999,0
389,1
3407,1
1476,1
2240,0
2386,1
8719,0
992,1
4997,0
3922,1
2972,0
3386,1
7128,1
6291,0
4769,1
1293,1
1824,0
2873,1
4173,1
2535,1
8712,0
1907,0
7622,0
9058,1
368,1
1151,1
7006,1
5746,0
6939,1
8555,0
6795,0
4160,1
4287,0
8942,0
6070,1
174,1
1903,0
1099,0
7331,0
3408,1
1538,1
2292,0
8874,0
1363,0
6309,1
5991,0
5260,0
6157,0
6377,1
680,0
8889,1
6911,0
3664,1
1661,1
508,0
166,0
7612,1
1006,1
7717,0
7448,0
3494,0
7600,0
9307,0
5820,0
4990,0
2536,0
1104,1
3875,0
7189,1
1752,0
5310,0
6300,0
2916,1
7283,0
152,1
6950,0
3907,0
8715,0
2552,1
2773,0
6110,1
3551,0
3722,0
6004,1
8112,1
7260,1
4538,0
6123,0
1822,1
4086,1
5555,1
8339,0
6621,0
6997,0
309,1
6978,0
5841,1
8387,0
3599,0
3622,1
7919,1
3450,0
4591,0
205,0
1135,0
8174,1
2749,0
3613,0
305,0
1849,1
5821,1
1988,1
3240,0
2798,0
4515,1
6972,0
3109,1
4939,1
4059,0
1987,1
7425,1
383,1
4307,0
3388,0
3156,0
2727,1
5722,0
5770,0
8283,0
5457,0
3832,1
8304,1
4776,0
4276,1
253,0
8185,0
9154,0
6587,0
278,0
3252,1
2480,0
289,0
5500,0
3075,1
7323,0
6868,1
5786,0
5089,0
6582,1
9276,0
7812,0
5531,1
7008,0
270,1
4570,1
7107,0
9098,1
8833,0
8362,0
4207,1
3218,1
1391,0
3975,1
4316,0
6053,0
6632,1
6727,0
83,0
873,0
9168,0
6902,0
4557,0
4500,1
4647,0
2038,1
9254,0
6243,0
2450,1
3954,1
2329,0
8704,1
6366,1
5042,0
8937,1
4746,0
8940,1
5863,1
6001,0
8664,0
7417,0
1216,0
8294,1
6204,1
1064,1
3786,0
4410,0
6198,1
6107,1
8424,0
2161,0
3008,0
1105,0
6017,1
8129,1
6785,1
4956,0
5963,0
7975,0
4369,1
2765,0
3929,0
6931,1
8332,0
6800,0
5781,0
628,1
2451,0
5635,0
5945,0
3824,1
8563,0
2652,0
8688,1
3743,1
2176,0
9507,0
3318,0
8610,0
2787,0
4105,1
5743,0
1676,1
3947,0
8132,1
8587,0
6022,1
7018,1
7313,1
2503,0
7978,0
2369,0
4967,1
2217,0
2218,1
3326,1
6084,1
3583,0
9379,0
7410,1
7302,0
8812,1
3115,0
85,1
2801,0
3671,1
3667,0
9349,0
8346,1
4590,0
2019,0
7078,1
2525,0
7852,0
6433,0
3212,1
8140,0
5366,0
6109,1
2895,1
244,0
4714,0
8783,1
3425,0
6264,0
7831,0
6641,0
5580,0
6555,1
5509,1
2001,1
885,0
869,0
356,1
9457,1
7946,0
7401,0
6962,0
1275,0
1890,0
8285,1
5936,1
8759,0
3563,1
4958,0
8747,1
2380,1
3823,1
7701,0
7809,0
3306,0
492,0
3499,0
6025,0
1116,1
8368,1
9418,1
8369,0
7202,0
7466,1
7199,1
3645,0
2500,1
5241,0
7166,0
2783,0
3809,0
5983,1
8298,0
7061,1
1696,0
6485,1
2052,0
1776,1
5928,1
3313,0
4781,1
7942,1
6126,0
1592,1
1723,1
215,1
5715,1
7522,1
490,1
8713,0
3483,1
5102,1
5187,0
3431,0
5685,1
6968,1
5513,0
25,0
3512,0
2409,1
3270,1
5209,0
1552,0
8773,0
8220,0
3871,0
3402,0
4529,0
979,0
2655,0
1847,1
7198,1
7497,0
8594,1
8936,1
515,0
6513,0
7606,0
1102,1
3276,1
7292,0
7515,0
8746,0
8360,0
3996,0
194,0
4711,0
643,1
7791,0
3285,1
3116,1
5849,1
3575,0
8606,1
4320,0
9538,1
2207,1
4552,1
6611,1
3718,1
972,1
4579,0
719,0
5883,0
9000,0
3896,0
2803,1
2566,0
4025,0
32,0
7631,0
8422,0
4063,1
8535,0
5540,0
1697,1
2792,0
2222,1
3764,0
3866,1
8261,0
8525,0
6032,1
6401,0
3758,0
7366,1
3227,0
7051,0
7763,0
3904,0
2277,0
6152,1
1401,1
739,0
4266,0
9412,1
8349,0
6747,1
3851,0
8351,0
7420,0
5875,0
6209,0
674,0
6407,1
5748,1
3841,0
1815,0
7688,0
9393,0
8777,0
4653,1
6607,1
2100,1
6969,1
1673,0
2101,1
4213,0
6289,1
1548,1
7624,0
3323,1
6558,0
355,0
5184,0
1461,1
9079,1
9361,0
3220,0
8949,1
5147,1
9296,0
1751,0
7238,1
6867,1
1772,1
1196,1
1878,0
2668,0
3171,1
2016,0
2005,0
9492,1
3893,1
9537,1
3237,0
4424,0
4744,0
2078,1
5219,1
396,1
2788,0
6452,1
5876,1
4072,0
5574,1
7755,0
9074,0
8115,1
6539,0
1519,1
7406,0
1378,0
5672,0
1023,1
2587,1
6364,0
5621,1
7770,1
5008,0
2857,0
7746,1
5771,1
6465,1
1629,1
4888,1
4526,1
3523,0
7031,1
3607,1
8990,0
5220,1
234,0
7921,0
3796,0
4118,0
5001,0
3800,0
8440,1
8127,1
5024,0
1948,0
470,1
8022,0
3492,0
2671,1
9355,0
2224,0
1106,1
2188,0
818,1
5571,1
4523,0
5793,1
8374,1
8370,1
2624,0
6608,1
8964,1
9465,1
888,1
2437,1
817,1
8074,1
3414,1
2341,0
8612,1
3167,1
9072,0
7262,0
1264,0
5086,0
6733,1
5194,1
4449,1
4945,1
4045,1
7972,0
7785,1
8831,0
5590,1
1228,0
6572,0
6153,1
5141,1
52,0
6618,0
9161,1
159,1
6822,0
1587,1
1589,1
9396,0
8902,1
6263,0
7348,0
6952,1
3858,0
9369,1
8560,1
2828,0
436,0
7322,0
7378,0
3878,1
1588,1
2780,1
8707,1
8138,1
5686,0
8116,0
4727,0
973,0
1238,0
2951,0
2342,1
6207,1
6605,1
2158,1
5956,0
1497,0
4545,1
4257,0
2422,0
8918,0
5185,1
5647,0
357,0
5242,1
8898,0
9323,0
2092,1
5409,0
2015,0
8641,1
9284,0
187,0
9310,0
3655,0
3426,1
6501,1
1381,0
6746,0
413,0
5037,1
4897,0
3336,1
3606,0
3175,1
8043,1
9267,0
7288,0
256,0
6380,1
200,0
2235,1
4743,0
1767,1
4236,0
6081,1
7900,0
1572,0
24,0
3363,1
1088,1
4674,0
2694,1
8504,1
3398,0
3559,1
8735,1
2841,1
2311,0
7684,0
3234,0
4152,1
1309,0
695,1
6029,0
3752,0
1227,1
1999,0
276,0
6459,0
6398,0
5929,1
2953,0
3637,0
7475,0
4778,1
5845,0
9258,0
4117,0
6352,0
1137,0
2767,0
7407,1
6964,0
942,1
6925,1
2490,0
9240,0
4935,0
3935,0
9324,0
2384,1
115,1
7722,0
9522,0
3119,0
4258,1
6061,0
7947,1
2819,1
3822,1
8781,1
8671,0
4699,0
8505,1
3802,0
5810,1
3536,1
3825,0
8241,1
9265,0
4810,1
1946,1
7927,0
6447,0
5335,0
3488,1
1610,1
6739,1
6378,0
4677,1
4959,1
5867,1
8357,1
4761,1
2194,1
7231,0
5701,0
5113,0
557,0
7289,0
5139,0
1207,1
6355,0
6604,0
1510,1
3829,1
3732,0
9052,0
3211,0
3630,0
7545,1
7549,0
266,1
5985,1
1140,0
3162,1
7859,0
3730,0
1909,0
7470,0
2660,0
656,1
7826,1
7077,1
998,0
6712,0
2834,1
9278,1
5880,0
1237,0
2151,1
9317,1
9255,1
5091,0
2186,0
1134,0
5004,1
1303,0
1627,1
7104,1
1522,0
9365,1
358,0
138,1
299,1
1556,0
5099,0
382,0
7644,0
8791,1
4857,0
3180,1
8020,0
6444,0
5673,0
946,0
8168,1
5498,0
6393,1
8805,0
2721,1
1932,0
6705,0
3236,0
3140,0
4163,1
8476,0
3807,1
9046,1
6311,0
8492,1
4154,0
4172,1
796,1
2416,0
785,0
6387,0
3158,1
123,1
6270,0
2172,1
8517,0
7912,0
8870,0
4340,1
910,1
9273,1
2309,1
9219,0
3634,0
1257,0
4458,1
1178,1
4652,1
3650,0
442,1
3415,1
1399,1
1457,1
6794,1
5744,0
1054,0
6128,0
3275,1
1463,1
3699,0
3759,1
929,0
8078,0
7829,0
1829,1
2928,0
8852,0
4221,0
3546,1
5598,1
8524,0
8516,1
7340,1
2011,0
913,1
8318,1
6568,0
3219,1
2606,1
3264,0
4928,0
8260,1
9226,0
6,1
2980,1
3361,0
4774,1
1943,1
6730,0
5499,0
1635,1
1141,0
2041,0
7066,0
2070,0
3134,0
5160,0
7013,0
7583,0
2242,1
1474,1
8192,1
1889,1
3435,1
9476,1
6955,0
3705,0
2021,1
4020,1
8421,1
7887,1
3500,0
2658,0
6226,0
1130,0
5557,1
6646,0
1819,0
6808,0
6761,1
4318,1
9518,1
4144,1
4669,0
1236,1
5476,0
9391,0
1856,1
2282,0
7492,1
8894,1
4093,1
6382,0
5200,1
3421,0
8843,0
386,0
8111,0
1628,0
3585,0
6695,0
2714,1
6481,1
7872,0
8895,0
5659,0
3189,1
9514,1
4305,1
909,1
5385,1
1996,1
1866,0
1842,0
2497,0
201,1
7145,1
6982,0
5054,0
5889,1
4006,1
9451,1
2702,1
3449,1
331,0
6505,1
8547,0
7375,1
6486,0
2459,1
1774,0
6866,1
7216,0
2686,0
8726,0
989,1
6639,1
7706,1
7335,0
8114,1
8333,0
8330,0
8296,1
7883,1
8236,1
5462,0
173,0
7520,0
4615,1
3321,0
7505,1
3372,1
6048,0
3311,1
7113,0
6854,1
8950,1
8402,0
7820,0
4679,1
3403,1
18,0
3691,1
8253,1
4096,0
3628,0
8453,0
2174,1
1356,0
5002,1
6676,1
5823,0
9069,0
5670,0
3112,0
182,1
3642,0
8448,1
1812,0
7118,0
7882,0
4912,1
5668,1
8102,0
1800,0
2429,0
5482,0
9394,1
8584,1
1968,0
7696,0
7354,0
6954,0
6811,0
4987,1
9312,0
4650,1
1159,1
1213,1
6627,0
1325,0
6784,1
6850,0
4796,0
5808,0
7814,0
8857,0
1455,0
5410,1
6442,0
7857,1
4962,0
2800,0
1644,1
2140,0
4536,1
4457,1
8538,0
5586,0
4378,0
729,0
4357,1
9091,0
1936,1
3793,0
3736,0
2261,0
7884,0
1110,0
8611,0
5480,0
2998,0
2394,1
1185,1
2007,1
193,0
5611,1
2901,0
578,1
6219,0
5525,1
771,1
2395,0
1478,0
1846,0
8689,1
4274,1
3740,1
4600,1
7309,1
7074,0
9264,0
4915,0
2073,0
4754,0
1896,0
8122,1
6317,1
3659,1
2379,0
1447,0
342,0
5127,0
3136,1
2527,0
727,1
4577,1
976,1
7795,0
5443,1
8617,0
3516,0
7209,0
9343,1
3940,0
1299,0
9320,0
1348,1
660,0
5886,0
1492,1
7430,0
8842,0
8077,0
5154,1
2315,0
9176,0
9142,0
1085,1
2524,0
8413,1
5374,0
3198,0
5751,0
7471,0
5717,1
7834,0
8216,0
67,0
7162,1
40,1
2269,0
9481,1
6630,1
8429,0
4916,0
5322,0
7713,0
6232,0
3447,0
2367,1
6537,1
7377,1
2512,0
2723,0
5948,1
8761,0
8703,1
1143,1
9293,0
6591,0
7765,1
8795,1
4728,1
5494,1
5755,0
6832,1
3789,0
2220,0
5075,1
2331,1
5394,1
6719,0
8275,0
8910,1
4088,1
1967,1
8575,1
9448,1
9150,1
4365,0
423,0
280,1
1904,0
595,0
8166,1
3917,1
6142,0
5661,1
5778,1
3618,0
839,1
4596,0
7634,0
141,0
2597,0
1377,0
3674,1
8364,0
9445,1
6362,0
4741,1
3808,1
1138,0
2257,1
7109,1
1787,0
3938,1
8466,0
4646,0
459,0
6115,1
9109,1
948,0
3700,1
1336,1
6370,1
4628,0
6286,0
5925,1
5934,1
6040,0
441,1
1602,1
2238,1
639,0
9375,0
3830,1
9106,1
6144,0
9446,1
8634,0
6344,0
7636,1
1958,1
1070,1
155,1
2295,1
8193,0
4578,0
1089,1
6049,0
6415,1
2940,1
723,1
4384,1
930,1
2909,0
7092,1
6416,0
895,0
3247,0
2326,1
8290,0
6851,0
8091,0
5038,1
6450,1
4136,0
8823,1
1715,0
1698,1
9251,1
9116,1
9517,1
7463,1
3831,0
6299,0
3348,0
9085,1
985,0
1821,0
4571,1
587,1
9313,1
5077,1
7032,1
7670,0
9089,0
9513,0
5483,1
7510,1
7637,1
5514,1
6857,0
8460,0
5553,1
3557,1
1395,0
264,1
3547,0
7895,0
3069,1
5025,1
9232,1
3864,1
8654,0
2400,0
6274,1
7983,0
3711,0
246,0
1594,0
9243,0
1529,0
7462,1
923,1
6823,1
4364,1
669,1
3604,1
5108,1
1910,0
7703,1
5248,1
3958,1
6026,0
5643,0
2696,0
2591,0
5906,0
1781,1
6509,1
3013,0
2307,1
6577,1
3690,0
687,1
6011,1
612,1
7228,1
3200,0
2267,0
9337,0
4135,0
1898,0
9097,0
6975,1
258,0
2924,0
8133,1
4943,0
2822,1
6529,1
3339,0
3525,0
4563,1
5329,0
5223,1
2285,0
6063,0
4654,0
5000,1
484,1
2211,0
5416,1
9124,0
2555,0
7,1
3657,1
6411,1
8742,1
4874,0
4402,0
5546,0
5297,1
2426,0
1814,1
9187,0
2274,0
1011,0
7474,0
1067,1
1991,0
3970,1
8655,0
5879,1
8646,0
4542,1
8900,0
3867,1
8987,1
3048,0
781,0
2675,0
1749,1
6222,0
7183,1
2791,0
6519,0
5774,1
6357,1
4979,0
6858,1
1091,1
6526,1
7632,0
4627,1
2324,0
6534,0
8558,1
5055,0
2608,0
8603,1
2290,0
1727,1
610,0
4666,0
7277,1
7764,0
343,1
7724,1
8439,1
3750,0
7907,0
8881,0
5999,0
3215,0
97,1
6927,1
5176,0
6165,1
1537,1
3588,0
6701,1
3648,0
2657,1
6824,1
1517,1
5061,1
8923,1
4624,1
4272,0
3669,1
6566,0
5800,0
2090,0
6171,0
572,0
9125,1
4688,0
8656,0
3062,0
6987,0
6470,0
6633,1
7997,1
9092,1
6304,0
8913,1
9009,0
7393,0
4479,0
4948,1
5976,0
370,0
1938,0
7818,0
1753,1
3670,0
3652,1
5201,0
7149,0
2361,1
4260,0
5432,1
6285,0
4991,0
6870,1
9030,1
3737,0
7450,0
8134,1
9472,1
7669,0
5591,0
1171,1
7176,0
7308,1
1422,0
9013,0
7352,0
9038,1
7279,0
6339,0
8741,0
874,1
2297,1
2643,1
9035,0
1719,0
5347,1
5932,1
840,0
9486,1
581,0
204,1
1641,0
2014,0
3253,0
6810,1
905,1
631,1
7845,0
7070,0
1974,0
162,0
4998,0
7536,1
9019,0
7016,1
4713,0
875,0
1431,0
4643,0
5080,1
5783,1
8718,0
6885,1
8199,0
7011,1
9269,1
2856,1
1861,1
2659,0
3384,1
9131,0
9332,1
7310,1
7929,1
4733,0
3331,1
8590,1
8234,1
6404,1
7704,0
2096,0
2003,1
7823,0
8348,0
7504,0
5017,1
546,1
1449,1
7662,1
2610,0
1900,1
3920,1
2757,1
6124,0
6397,1
1885,1
9378,0
5738,0
8266,0
5890,0
2097,0
8863,0
5692,0
499,0
5624,0
836,0
3471,0
4697,1
6280,0
8841,0
2171,0
8806,1
5678,1
8760,0
398,1
2010,0
5166,0
5871,1
9347,0
1283,0
7794,1
8072,1
4256,0
1836,0
9160,1
1019,0
7990,1
1326,0
7787,0
475,1
2810,0
8231,1
1651,0
9173,0
1169,0
2528,0
1206,0
6256,1
7165,1
5469,1
8956,0
431,1
6958,1
867,1
2974,1
5236,1
5093,1
5433,0
541,0
5195,1
1132,1
9392,0
4501,1
6354,1
8907,0
3390,0
7945,0
2962,1
4155,1
3259,0
7562,1
6034,1
7988,1
9485,1
2583,0
2813,1
3959,0
2947,1
6643,1
5174,1
6841,1
7609,1
3586,0
8803,1
9130,0
2563,1
2630,1
3190,1
7028,0
5036,0
1080,1
4283,1
7226,1
2085,1
6345,1
2452,1
4966,1
2023,0
7995,1
8573,1
8317,1
226,0
1013,0
6679,1
1929,0
7800,1
5251,0
1404,0
2179,0
697,1
1124,1
3895,1
7447,0
5110,0
1778,0
9427,0
2634,0
3489,1
7528,1
1037,0
6093,1
2256,0
7396,0
2613,0
313,0
2649,1
2281,0
6741,0
7915,0
2547,0
5512,1
5132,1
2159,1
3137,1
8661,0
5850,1
9416,0
6445,1
3967,0
1428,1
7848,1
2520,1
7084,1
8461,0
8157,1
8469,0
5602,0
9419,1
448,0
6961,0
1284,0
5995,0
7139,0
3727,0
361,0
6279,1
5230,0
9474,1
8479,1
6251,1
5926,0
5149,1
2460,1
22,0
2066,1
1653,0
702,0
9270,1
2743,0
1376,0
1724,0
2468,0
3754,1
2325,0
460,1
5163,0
4183,0
5526,0
4082,1
1486,1
3678,1
282,0
6579,0
4558,0
4308,1
6684,1
4865,1
3537,0
7774,0
2581,0
1368,0
9037,1
7413,1
597,0
4351,1
6346,0
8562,0
6379,1
4758,0
646,1
6381,1
9257,0
6023,1
8914,0
3468,0
7046,0
2990,0
8979,0
4875,0
2544,1
8197,1
5341,0
8086,1
9540,0
4066,0
3988,1
2160,1
685,0
7033,1
3243,0
8770,1
7382,1
2461,1
4083,0
2837,1
3697,1
6267,0
4941,0
5946,0
4583,1
5784,1
4040,1
2230,0
8059,1
2320,1
4878,0
521,1
522,1
5345,0
3359,0
1311,0
3983,1
6494,0
9127,0
1716,0
780,0
8390,0
7480,0
5607,0
5978,1
651,1
3747,0
2196,1
7841,0
369,0
9435,1
7233,1
4214,1
377,1
8526,0
2216,0
8281,0
1613,0
6979,0
1827,1
3632,1
962,1
2993,0
6606,1
9233,0
2376,1
7481,0
359,0
3839,1
9372,0
1246,0
7707,1
6511,1
5087,1
3694,1
1573,1
6281,0
8092,1
2567,1
3423,1
2037,0
8818,1
772,0
5380,1
9133,0
3562,1
562,1
6683,0
2546,0
5510,0
5330,0
7315,0
4531,1
1674,0
365,1
7244,0
7133,1
4327,0
9529,1
147,0
1668,0
3088,0
8435,0
407,0
9148,1
3456,0
6186,1
4182,0
3576,1
3271,0
4940,1
1031,0
7222,1
6230,1
6592,1
8494,0
9366,0
6724,0
7256,1
855,0
3926,0
8109,1
78,0
7088,0
2247,1
8018,0
9536,1
9497,0
9136,0
8869,1
7602,1
788,0
2279,0
4095,1
3897,0
7181,1
8658,1
9021,0
3631,1
8223,0
6272,0
424,0
392,0
3191,0
16,0
6335,0
4200,1
2672,0
2444,0
6697,0
8890,0
7461,0
3493,0
6044,1
1459,0
8589,0
8051,1
9236,0
7328,0
3835,0
8887,0
5683,0
8344,0
5827,0
9305,0
4724,0
8353,1
5887,1
2355,0
6036,0
4798,1
2442,0
7467,1
4592,0
8366,0
464,1
163,1
8836,0
9003,1
7821,1
9333,0
6636,1
241,1
2009,0
6356,1
3084,0
6208,0
900,0
5542,0
6007,1
6793,0
8596,1
4837,1
2293,0
6548,1
7211,1
4481,1
5302,0
4605,0
3716,0
8653,1
6140,1
1764,0
8118,0
1549,1
3029,1
8252,1
6298,0
6662,0
6626,1
2044,0
767,1
5693,0
1508,0
3302,0
4517,0
4219,0
8660,0
7219,1
3292,0
819,0
1403,0
1382,1
2148,0
6928,1
5671,0
1638,0
5891,1
608,1
6907,1
399,0
6406,0
882,1
3565,0
4285,1
1179,0
5448,1
4244,0
5218,0
7535,0
2130,1
5078,0
456,0
5582,0
5175,0
1950,1
5372,0
689,1
8443,1
6525,1
9376,0
6488,0
6921,1
1953,1
5636,0
7154,1
7850,0
6610,1
2710,0
8146,1
8191,1
4349,0
4138,0
1884,1
8383,1
4485,1
2494,0
7879,1
3036,0
5777,1
3603,0
845,0
542,1
3724,1
4187,0
3679,0
8487,1
9180,0
6075,0
7464,1
7246,0
8591,0
7591,1
7137,0
2964,0
2529,1
7922,1
5772,0
1048,1
7045,0
1960,1
2530,0
8125,1
6524,1
237,0
4917,0
6479,0
1133,0
6976,0
5901,0
8639,1
4259,1
8431,1
6965,1
9525,1
9330,0
1985,1
5656,0
8336,0
6097,0
5907,0
2978,0
8452,0
8875,0
6721,0
5524,1
8320,0
7451,0
8204,0
7174,1
3919,0
3138,1
8988,1
5789,0
4073,0
3287,1
3229,0
1826,1
5548,0
593,0
2725,0
4137,0
560,0
8397,0
7925,0
243,0
7268,1
5435,0
4437,1
7664,0
405,1
1442,0
261,1
7904,0
9100,1
1689,0
1725,1
8891,0
4930,1
5962,0
2496,1
8597,0
6904,0
6106,1
7482,1
340,1
7709,0
1601,0
9415,1
7732,1
5782,0
4576,1
3725,1
2556,0
2785,1
1523,1
2507,1
2831,1
1012,0
7789,0
4895,1
1766,0
4551,0
9488,0
6549,0
4037,0
7553,0
148,1
285,1
9212,0
363,0
5367,1
9493,1
8062,0
9022,0
4725,0
7271,0
6770,0
4443,1
236,0
9149,0
2562,0
7123,1
7728,0
9165,1
5519,0
9175,0
3083,0
2959,0
2102,1
632,1
8690,0
2493,1
2665,0
8003,1
4406,0
9440,0
7851,0
2334,0
8312,1
6596,0
3619,1
5561,1
3883,0
7495,1
4211,0
9073,0
1494,1
2401,1
3874,0
1232,0
2661,0
2817,1
7547,1
2774,1
9370,0
8463,1
4153,0
8203,0
3061,0
66,0
9494,0
1735,1
7397,0
2823,1
6292,0
4255,0
7586,0
2475,0
2564,0
9530,1
3713,0
9217,0
8564,1
1804,0
707,0
3046,1
8767,0
5189,1
1914,1
5472,1
6791,0
72,1
6018,1
4448,1
5860,1
4839,1
4131,1
5101,1
6764,1
1190,1
6431,0
2601,1
1125,1
1241,0
7566,0
3602,1
2349,1
8244,0
3351,1
5094,0
6602,0
4008,1
7512,0
6780,0
1577,0
3906,1
3729,1
4358,0
5922,1
1343,0
9534,0
8278,0
9140,1
440,1
6652,0
1100,1
2637,0
7803,1
649,1
1546,1
7327,0
987,1
8292,1
2852,1
3503,0
7963,1
6804,1
630,1
4768,0
1249,0
7565,0
482,0
1584,1
6830,0
4676,1
6385,1
1462,1
3040,0
5010,0
8325,0
7000,0
3273,0
7334,0
7227,1
3683,1
6674,0
6807,1
4145,0
9295,0
7801,0
4954,1
3225,1
1072,1
4815,0
7930,1
2631,0
6825,0
1660,1
5752,0
2425,0
5079,0
8725,0
5902,0
4616,0
3097,0
3976,1
1243,0
8107,1
1300,1
7285,0
7030,0
6284,0
7993,0
6702,1
5481,1
1708,1
5495,0
5291,1
1408,0
1845,1
1798,1
3957,1
1475,0
9358,1
35,0
5047,1
6441,1
444,0
9422,0
2359,1
8953,1
3654,0
6302,1
7052,0
5158,0
3179,1
7518,1
1286,0
8186,1
4445,1
3416,1
2137,0
6787,0
2636,0
4016,0
4097,1
1681,1
6813,1
9308,0
8035,0
8630,1
5767,0
7654,0
5275,0
6894,0
1692,1
8148,0
8475,0
3635,1
372,0
7151,0
963,1
6012,0
5453,1
5921,1
4882,0
4565,1
140,1
4884,0
4419,0
9195,0
8615,1
714,1
5923,1
6936,1
6542,0
5243,1
3188,1
8939,1
4431,0
7749,0
6762,1
406,1
20,0
1004,0
7768,0
4986,0
2411,0
2545,0
9496,0
2390,0
8513,1
42,0
2830,0
5859,0
3371,0
3022,0
3364,1
4399,1
5252,0
11,1
4760,0
1177,1
7388,0
6772,1
1947,1
2501,0
8854,0
2863,0
6471,0
3865,0
6228,1
1026,0
3848,0
2989,1
961,1
2889,0
7117,1
3015,0
7010,1
3338,1
6105,1
6245,0
9152,1
6434,0
7817,0
735,1
4400,0
1440,1
9304,1
9105,0
2875,1
3986,0
916,1
8679,1
8381,0
4089,1
9272,1
7232,1
3726,0
2772,1
1624,0
454,1
821,1
1367,0
3712,0
9405,0
1388,0
850,1
7446,0
1000,0
8198,1
3553,0
7621,1
4114,1
1637,1
1667,1
4589,1
3173,1
7548,0
3681,0
1347,1
8969,0
488,1
3230,0
8048,0
7792,0
8321,1
8250,1
4783,1
5208,0
3232,0
5704,1
9201,1
703,1
5105,1
8481,1
3291,1
3673,1
2408,0
9145,0
1327,0
9193,0
5773,1
6095,0
5406,0
7979,1
8604,1
9064,0
6083,1
4909,1
4440,0
1863,0
986,1
4683,0
3952,1
6887,1
8811,0
8644,0
7705,1
8291,1
4049,0
6257,0
3485,0
6089,1
2474,0
9437,1
5238,0
6454,1
7360,1
3873,0
1198,1
4181,0
1518,0
8652,1
5477,0
7961,1
6812,1
1799,1
1014,0
128,0
1364,1
8327,0
7175,0
4470,1
891,0
2793,0
1969,0
5455,1
4403,1
5757,1
6527,0
6294,1
3923,0
5413,0
7595,1
8799,1
3249,0
6570,1
6638,1
7351,1
8749,0
8341,0
1208,0
3868,0
7473,0
9015,0
4065,0
8780,1
8272,0
1239,1
2289,1
2740,1
275,1
4585,0
1035,1
1229,1
6834,0
1008,0
5280,0
7885,0
5178,0
3828,0
2532,1
4293,0
1058,0
6262,0
7168,1
8745,0
281,0
1043,0
1316,0
6654,0
968,1
2381,1
3953,1
1939,1
7940,1
1274,0
619,1
8026,0
1742,1
1390,0
2203,0
5943,1
1579,1
1655,1
3568,1
2352,0
2212,0
7371,0
6116,1
9516,0
6052,0
3178,1
3192,1
1307,0
6099,1
7029,0
575,0
2360,0
6656,0
7115,0
5802,1
8394,0
7443,1
6276,1
1280,0
8570,1
4957,0
8642,0
5897,0
5724,0
1993,0
2639,0
269,1
629,0
8184,0
3081,1
3466,1
6430,1
8885,0
7062,1
4396,1
7843,0
4023,1
9286,0
5543,0
5568,0
2046,1
4356,1
8412,0
8158,1
2113,0
27,0
2040,0
3928,0
2938,1
3216,0
4933,0
3814,0
129,1
8188,0
6104,1
2278,1
4599,1
13,0
9351,0
4476,1
5947,1
1525,1
2365,0
4648,1
3052,0
4005,1
6980,1
2340,0
374,1
8054,0
6477,1
525,1
939,0
3369,1
5718,1
4573,0
6895,0
2147,0
3591,0
4889,0
9075,0
2958,1
6164,0
3623,1
529,0
9157,0
3714,0
8386,0
4732,0
1269,1
4281,1
1394,0
4850,1
4009,1
4390,0
1797,0
2979,1
1441,1
8222,1
2625,1
3811,1
5631,0
8229,1
7284,0
1273,0
6563,1
7784,1
4703,1
7090,0
1712,0
7729,0
9311,0
955,1
6675,0
8182,1
8491,0
8948,1
9132,0
6948,0
403,0
2071,1
9297,1
1977,0
158,1
5844,1
7005,1
3888,1
5451,0
902,0
352,1
5326,1
6078,0
6236,0
4540,0
4130,0
754,1
5833,0
2971,1
7810,0
1082,1
2920,1
311,1
7519,1
4644,0
661,1
7890,0
7057,0
1989,1
3665,1
306,0
2335,0
4790,0
2356,1
3702,1
3804,0
1927,0
9005,0
3427,0
749,1
3638,1
8255,1
8542,0
1266,1
8084,1
1560,1
2956,1
3595,1
2134,0
7179,1
7157,0
7121,1
5066,1
4109,0
4969,0
7867,0
4904,0
7294,1
514,0
894,1
409,1
21,0
9526,1
3461,0
899,0
207,1
5203,1
458,0
2054,0
2430,1
250,0
8771,1
5437,0
1107,0
3389,0
5979,0
1713,0
3911,1
5383,0
715,0
7537,1
552,0
1439,0
2270,1
9398,0
3144,0
6917,1
2056,1
1925,0
634,1
6082,0
316,0
8844,1
9239,0
5424,0
427,1
886,0
105,1
3041,1
4238,1
2169,1
1709,0
89,0
7014,0
7333,0
2241,0
3174,1
917,1
7833,0
6259,0
6732,0
1949,0
4044,1
9399,0
2848,0
6368,1
1,1
8032,0
6139,1
4337,1
6047,1
935,1
713,1
2720,0
8309,1
9500,0
5205,1
9170,0
591,0
7630,1
9367,1
3117,1
2936,0
9033,0
2448,0
1576,1
8521,1
3762,0
213,1
778,0
5511,1
3496,0
8408,0
2043,1
9294,1
9071,0
5420,0
6154,1
1567,0
165,0
4702,1
3566,0
9103,0
9299,0
5439,1
2013,0
273,1
3860,0
4167,0
8485,1
3788,0
5183,0
394,1
583,0
9460,1
9532,1
116,0
6644,1
8616,1
6869,1
7998,1
9498,1
9480,0
8546,0
520,1
1763,1
1875,0
5355,1
3965,0
3344,0
6598,0
2253,1
6877,1
3224,0
526,1
7725,0
8219,1
2946,0
4473,1
3899,0
5655,0
692,0
6059,0
959,1
4444,1
9444,0
6342,1
6131,0
3633,0
5805,0
1050,1
590,0
519,1
3380,1
3676,0
5776,0
8627,1
6573,0
5179,1
1607,1
3610,1
9314,1
6635,1
9543,0
1809,0
7691,1
791,1
792,0
3056,0
1855,0
9040,0
1980,0
3233,1
3598,1
933,1
3963,0
4665,1
7424,1
5626,1
5506,0
7620,0
6072,0
1682,1
8855,1
4179,0
4026,1
8957,1
8143,1
6446,1
4116,1
988,0
7771,0
9342,0
8769,1
3453,0
2896,1
3778,1
5658,1
8706,1
3093,0
3155,0
5069,1
5806,1
3201,0
1823,0
9184,0
1098,1
2844,1
3342,1
38,0
6540,0
8922,0
3356,1
7813,0
8802,0
2428,1
5043,0
5346,1
4811,1
686,0
4799,1
7437,0
2353,1
6353,1
4569,0
2752,0
8073,0
1040,0
7491,1
1265,1
8840,0
7059,0
277,0
5084,1
2382,1
571,0
1435,1
5352,1
5445,1
1007,0
4543,0
8407,1
2064,1
1136,1
5343,1
294,0
2403,0
3998,1
3741,1
8797,0
2719,0
8775,0
5150,1
2808,1
556,0
9102,0
4795,0
2469,1
3738,0
4286,1
2604,0
362,1
6924,0
1704,1
2139,0
3239,1
2383,0
7314,0
4311,1
1312,0
3930,0
6183,0
1591,1
8960,0
2162,1
2396,0
317,0
5233,0
5068,1
4036,0
3020,0
8228,0
5295,0
3972,1
5370,0
4133,0
974,0
7291,0
954,1
8880,1
5016,1
9289,1
7490,1
1640,1
1290,0
1380,1
1933,0
4675,1
892,1
7287,1
4876,0
7906,0
8194,1
8952,1
2466,1
7657,1
1913,0
2736,0
726,0
7214,1
8245,1
1796,1
3845,0
6402,0
936,1
2265,0
824,1
7274,0
1389,0
3564,0
5429,0
7827,0
5690,0
7878,1
1868,0
8202,0
7486,1
806,1
4805,1
8731,1
7511,1
8056,0
4494,0
2632,0
8488,0
7832,0
4388,0
145,1
6467,0
2033,0
1165,1
2050,0
3760,1
4435,0
3430,0
8190,1
8347,0
7069,0
4361,1
1771,0
3511,0
271,0
2032,0
9225,1
3810,0
4346,0
545,1
3241,1
7564,0
920,1
8698,1
6640,1
7694,1
8230,1
7126,0
4278,0
2983,0
130,1
7980,1
2667,0
7138,0
3223,1
7693,1
5392,1
614,1
9452,1
1466,0
4497,0
3042,1
2419,0
5085,0
3294,0
6737,0
1500,1
1521,0
8697,1
4232,1
7686,0
4430,0
390,1
9409,1
7124,1
5913,0
4806,1
8541,1
8238,0
8044,1
3993,1
9118,0
6609,0
5319,1
7119,0
2421,0
5604,1
1750,0
8598,1
9277,0
338,0
1341,0
9111,0
7982,1
3640,0
329,0
8419,0
3004,0
6960,0
4090,1
2322,0
6667,1
7009,1
4197,0
3549,1
8363,0
4203,1
8884,0
8523,1
6185,1
1639,1
60,1
1240,1
5760,0
5136,0
2343,1
2120,0
1524,1
7617,1
153,0
481,1
6122,0
7674,1
7101,1
1762,1
7715,0
8971,0
7479,0
6212,0
4853,1
2711,0
6766,1
4150,0
1333,0
8378,0
8962,0
9266,1
8701,0
3850,0
8340,1
4124,0
8550,1
4788,0
2866,0
1386,1
5941,1
3067,1
8640,0
3629,0
9023,0
8536,0
3028,0
2969,1
6136,0
4263,0
645,1
9214,1
2074,0
341,1
8041,0
1622,1
7141,1
5796,0
7184,0
8232,1
5475,0
8827,1
74,0
8804,0
2051,0
2541,0
1301,0
5877,1
7368,0
1304,0
8428,1
8675,0
2599,0
2573,0
3186,0
2768,0
4831,0
4223,0
9210,0
2106,0
2679,1
1387,0
8518,0
9220,1
7083,0
1279,0
804,0
1555,0
9053,0
4566,0
9230,0
4841,1
3594,1
6035,1
6852,1
4177,1
1308,0
3452,1
3695,0
4242,0
2198,1
4425,0
6150,0
943,1
822,1
5005,1
6612,0
8356,0
5619,0
4547,1
2538,1
5207,1
9081,0
8592,1
3054,1
3675,1
7776,0
7218,1
6722,1
3300,0
3310,1
7221,0
8519,0
5954,1
832,1
3462,0
7643,1
54,0
3451,1
6305,0
1481,1
4873,0
8038,1
3335,1
6016,1
4926,0
5797,0
9386,1
5083,1
6645,0
5490,0
768,0
2065,1
9067,0
7311,1
8477,1
4524,1
2717,0
2079,1
951,0
8058,1
2482,1
1759,1
4422,0
6704,1
5182,1
8533,0
3701,1
4243,0
688,0
3432,1
4944,1
966,0
9051,0
2713,0
4757,1
9112,0
6320,1
5975,1
3572,1
5299,0
1990,0
1205,1
4971,1
6783,1
3600,0
6490,0
8070,1
8577,1
7973,0
1625,1
536,1
7970,1
4212,0
6456,0
3507,0
8393,0
7112,0
2708,0
5031,0
6514,0
4662,1
4021,0
1854,0
8997,0
2872,1
3030,1
1645,1
3417,1
3476,1
9119,1
1792,0
3797,1
3368,1
7196,1
9203,0
5109,0
6024,0
8868,0
126,1
5959,1
3876,0
4451,1
7147,1
3531,1
827,1
7790,0
984,0
7783,0
2443,0
8554,0
345,1
814,1
6166,1
5779,1
2116,1
793,1
6898,0
2674,1
94,1
4225,1
3756,1
2891,0
2371,0
8961,1
3228,1
7863,0
6359,0
8772,1
7326,1
6028,0
1865,1
4612,1
2645,1
2243,0
5373,1
2336,1
950,0
1120,1
2204,1
419,1
922,0
5408,1
5788,1
5742,1
7667,0
5567,0
8135,0
1202,0
5765,1
8389,1
1970,0
4018,0
3687,0
1997,1
4033,0
1248,0
2192,0
2712,0
2190,1
4670,0
5142,1
5984,1
6565,1
7804,0
6943,0
2136,0
1065,1
600,1
4227,0
7577,0
77,0
7546,0
2898,0
4820,1
8876,0
6413,0
8007,1
5468,0
5951,0
3391,1
5415,0
2560,0
8162,0
2635,1
5256,0
3530,1
8567,0
1908,1
235,0
1604,1
7984,1
3490,0
1994,0
2824,1
8859,1
1342,0
8512,0
1619,1
5287,1
2060,1
9501,0
2219,1
6038,1
260,0
8938,1
3744,1
2026,0
6988,0
4234,0
1917,1
1828,1
6233,1
8906,1
6283,1
4208,0
224,1
6469,1
8985,1
846,0
4289,0
5560,0
2551,0
117,1
5966,1
8195,0
8659,1
7489,1
5,1
5342,1
4324,0
1063,1
2590,0
8434,0
3735,0
3517,0
6986,1
6767,1
5622,0
1605,1
1733,1
8915,0
3812,1
9186,0
1761,1
5401,0
2739,0
2472,1
6738,0
6891,1
7943,1
4206,0
6371,1
232,0
8258,1
7561,0
6168,1
3596,0
6288,0
4632,0
125,1
7641,0
6229,1
1296,1
1976,1
9047,0
5750,1
8152,0
3086,1
8850,0
6882,0
8879,0
7673,1
3345,0
8172,0
8993,0
5870,1
6506,1
2797,0
918,1
1646,1
5122,1
5126,1
4621,0
6809,1
364,0
2125,0
8150,0
8717,0
55,0
638,1
302,1
5811,0
1276,0
4432,0
3644,1
4143,1
2878,0
6493,0
5240,0
8980,1
6937,0
7240,1
2593,0
2393,1
523,0
6376,0
6981,0
6677,1
3900,1
9196,0
5585,1
8934,1
7956,0
7570,1
6777,1
671,1
4188,1
666,0
3266,1
1887,1
8472,1
7687,0
6031,0
6090,0
6238,1
7350,0
7830,1
760,1
6254,0
1906,0
3818,1
6269,0
4300,0
5569,0
7941,1
4164,0
5971,1
3579,1
2832,0
5449,1
3472,0
6327,0
137,1
7043,0
4892,0
2180,0
7730,0
3177,0
4854,1
4637,1
5115,1
7648,1
4261,0
1331,0
7002,0
6941,1
8017,0
6241,1
9533,1
6881,0
4530,0
4673,1
6996,0
1252,0
3374,1
2814,0
4719,1
6544,1
4858,0
7901,0
8580,0
8427,1
1077,0
4363,1
770,1
8865,1
249,0
7239,0
3419,0
4976,1
4544,0
5565,0
7939,0
716,0
9213,0
2048,0
5997,0
6600,0
7245,0
4178,1
4809,1
9049,0
7140,0
7190,0
1460,1
5989,0
2000,0
8175,1
404,0
384,0
9017,0
9054,0
1633,1
9122,0
4784,0
9024,0
6970,1
3925,1
4158,0
7449,0
8415,1
2193,0
1015,0
5124,0
7418,1
7409,1
2871,1
9,0
1838,0
4804,1
255,0
7026,1
5713,0
3324,0
7714,0
1581,0
924,0
2779,0
7891,0
6132,0
5320,0
7312,1
7102,1
6042,0
3775,0
4835,1
4964,0
539,0
7483,0
2745,0
3719,0
6819,1
4468,0
667,1
7575,0
8549,1
5063,1
1353,0
7114,0
9329,0
8662,0
2703,1
3330,0
8053,0
3584,1
9011,0
5645,0
3376,0
1256,0
6190,0
5348,1
4175,1
4910,0
1852,0
6316,1
9406,0
2105,1
133,0
5029,0
928,1
823,1
7576,0
1531,0
1214,0
504,1
6530,1
3072,1
8647,1
6619,0
3709,0
4849,0
4748,0
4268,0
9429,1
8905,0
4186,0
5301,1
2923,0
6588,1
1810,0
3486,1
7419,0
3141,1
1324,0
4312,1
7494,0
8702,1
8691,1
9070,1
5541,0
6172,1
1540,0
2681,0
9433,1
6313,1
1191,1
5293,0
1542,0
7056,0
2539,0
953,1
7241,0
6731,0
4846,0
6801,0
8010,1
4330,0
8924,1
5334,0
7330,1
4729,0
6541,1
5305,0
5161,0
7860,0
2156,1
1062,0
1167,1
3636,1
7651,1
5588,1
7192,0
4491,0
7266,0
4980,0
8335,1
9499,1
4946,0
2782,0
717,1
2502,0
4360,1
4171,1
8082,0
9316,0
395,1
7186,1
9377,0
4492,0
1365,0
9093,1
8787,1
5917,0
4968,0
2914,1
5644,0
3766,1
3440,1
7357,1
6806,0
2143,1
5104,0
5073,1
1571,0
4079,0
1122,0
2786,1
2967,1
2504,1
5988,1
8867,0
7164,1
728,1
7587,0
7543,1
412,0
5745,1
7668,0
825,0
3267,1
3974,1
8808,0
8306,1
417,0
6748,1
8967,1
2082,1
8945,0
3373,0
5726,1
4107,0
4380,0
7723,1
1066,1
3913,1
5536,0
8002,0
5387,0
5732,1
2738,1
5052,0
4000,1
2427,1
6833,1
1687,1
851,0
6303,0
9087,1
5878,0
8527,1
2839,0
4611,1
2489,1
6905,1
7390,1
2849,0
6665,1
5881,0
4452,0
7421,1
6484,1
2479,0
6617,1
2141,0
5188,0
2744,0
7253,0
3506,1
1679,1
4249,1
3147,1
8130,0
7004,1
580,1
4070,0
3343,0
7404,0
3672,1
559,1
5237,0
7805,1
512,1
1081,1
1664,0
1931,0
9227,0
1150,0
2838,1
5949,1
8308,1
8932,1
5177,1
830,0
8311,1
4752,0
9280,1
635,1
4465,0
6799,1
7987,0
7079,1
6966,1
4142,1
7027,0
9183,0
876,0
4869,1
5315,0
5222,1
4,1
3051,1
5691,0
3124,1
2491,1
3854,0
4777,0
7509,1
6457,1
6293,0
1148,0
574,0
3769,1
4146,1
853,0
5919,0
6614,1
6002,0
9163,0
4495,0
8173,1
6655,1
2368,0
4780,0
7992,0
2950,0
5625,0
6971,1
8716,0
1841,0
5986,0
537,0
2806,1
5801,0
5596,1
7206,0
7343,0
7560,1
8096,0
784,1
1409,0
154,0
7806,1
3009,1
1686,1
4014,1
7455,1
3863,0
2733,1
1895,0
5442,1
569,0
6709,1
5854,1
1816,1
8319,0
3394,0
3327,0
9528,0
6102,0
2975,0
980,0
190,0
5088,0
699,1
9315,1
606,1
301,1
3420,1
9359,1
1060,0
3444,0
1069,1
2205,1
7339,0
8208,1
7679,0
4642,0
7683,0
9007,0
7996,1
5600,1
9151,1
7022,1
4893,0
225,1
3354,0
5895,0
8754,0
3436,0
1693,0
6893,0
1045,1
3446,1
8050,1
9146,0
9527,1
4735,0
4496,0
1218,1
6015,0
3987,1
4911,0
4493,1
6944,1
5699,0
8352,1
956,0
2869,1
4433,1
4973,0
2961,1
2200,1
98,0
9403,1
2557,1
8445,0
4199,1
5539,0
1648,0
6197,1
6295,0
4499,0
1154,1
2255,0
3170,0
7400,0
7158,0
3108,1
4548,1
5423,0
2049,0
9208,0
8815,0
9352,1
262,0
4061,0
5534,0
6616,1
8120,1
8155,0
1802,0
4736,0
2385,0
6694,0
5759,1
1959,1
2976,0
8680,1
1843,0
1734,1
2911,0
8338,1
1986,1
6546,0
7098,1
2811,0
659,0
2511,0
4282,1
9339,1
8800,1
6287,1
1930,1
7125,1
197,0
7777,1
2931,1
8004,0
2327,0
4389,0
8958,1
4218,1
202,0
3510,0
4931,1
5535,0
5791,1
1707,1
5172,0
5249,0
6528,0
9402,1
5855,1
8164,1
854,0
4737,0
698,1
3696,1
1636,1
7280,0
7554,1
3581,1
1291,1
6585,1
1853,0
5232,0
3763,0
3304,0
1495,1
7994,1
1998,1
663,0
3748,0
4413,0
5530,1
5575,1
8901,1
7526,0
5864,1
6776,0
1306,1
7392,1
5592,0
1663,1
5450,1
3627,1
2693,0
5915,0
3157,0
6668,1
1059,1
4636,0
3242,0
1678,1
6892,1
6374,1
7574,0
1757,0
6019,1
5116,1
8755,0
7408,0
2790,1
863,0
7858,0
1484,0
7035,0
7721,0
5977,1
5134,0
206,0
4488,0
6938,1
9062,1
6910,1
502,0
7385,1
1028,0
3840,0
8110,0
5056,0
8154,0
2731,0
8996,0
2454,1
7215,1
3104,1
8392,1
6278,1
3099,0
6184,0
3561,1
5892,1
391,1
6736,0
5618,0
5258,1
2695,0
2027,1
5463,1
2568,1
8006,0
64,0
2062,0
5276,0
7208,1
8684,0
8571,1
6331,0
4859,1
4887,1
9268,0
878,0
8529,0
7916,0
6863,1
7892,1
6439,0
7869,0
1016,0
9467,0
7629,0
995,0
4297,1
161,1
5675,0
6873,0
7989,0
3843,0
1021,0
3073,1
7555,0
3943,0
1585,0
3152,1
8226,1
775,1
7099,0
5486,1
6235,1
7041,1
2612,0
7513,1
8433,0
8792,1
5393,1
8838,1
3890,1
3556,1
1528,0
1267,1
7734,0
1899,1
4658,0
3005,0
2734,0
189,1
9167,1
2747,0
2047,0
7849,0
2558,0
9274,1
8666,0
6396,0
3385,1
4555,1
1184,0
6420,1
5051,1
5311,0
2433,0
6949,1
769,1
1685,0
8322,1
5578,1
4426,0
466,1
6265,0
5734,1
5191,1
5390,1
860,1
7270,1
